Time (%),Total Time (ns),Instances,Avg (ns),Med (ns),Min (ns),Max (ns),StdDev (ns),Name
74.3,32665363419,1200,27221136.2,24943997.5,665479,64678271,20160209.8,_fwd_kernel
21.1,9290135012,6368,1458878.0,719402.0,231746,4925429,1552129.5,void cutlass::Kernel2<cutlass_80_tensorop_bf16_s16816gemm_relu_bf16_256x128_32x3_tn_align8>(T1::Params)
1.2,512609748,1696,302246.3,488710.5,1952,494885,228213.8,"void at::native::elementwise_kernel<(int)128, (int)4, void at::native::gpu_kernel_impl_nocast<at::native::BinaryFunctor<c10::BFloat16, c10::BFloat16, c10::BFloat16, at::native::binary_internal::MulFunctor<float>>>(at::TensorIteratorBase &, const T1 &)::[lambda(int) (instance 1)]>(int, T3)"
0.9,387290163,1696,228355.0,365957.0,2208,374244,169466.6,"void at::native::elementwise_kernel<(int)128, (int)4, void at::native::gpu_kernel_impl_nocast<at::native::<unnamed>::silu_kernel(at::TensorIteratorBase &)::[lambda() (instance 1)]::operator ()() const::[lambda() (instance 6)]::operator ()() const::[lambda(c10::BFloat16) (instance 1)]>(at::TensorIteratorBase &, const T1 &)::[lambda(int) (instance 1)]>(int, T3)"
0.7,297883025,3445,86468.2,136546.0,1952,153091,65854.8,triton_red_fused__to_copy_add_mean_mul_pow_rsqrt_0
0.4,182221681,2928,62234.2,26688.0,7648,743240,100336.2,void cutlass::Kernel2<cutlass_80_wmma_tensorop_bf16_s161616gemm_bf16_16x16_128x2_tn_align8>(T1::Params)
0.4,161191098,160,1007444.4,1268125.0,602182,1280173,311789.7,void cutlass::Kernel2<cutlass_80_tensorop_bf16_s16816gemm_relu_bf16_128x256_32x3_tn_align8>(T1::Params)
0.4,160524277,16,10032767.3,9931580.0,1753011,19021682,8543579.4,_fwd_kernel_with_tail_score
0.2,78047264,1696,46018.4,73057.0,1216,76641,33890.4,triton_poi_fused__to_copy_cat_0
0.1,56483688,384,147092.9,137057.5,60097,297700,50510.4,void cutlass::Kernel2<cutlass_80_tensorop_bf16_s16816gemm_relu_bf16_64x256_32x4_tn_align8>(T1::Params)
0.1,25177467,1696,14845.2,22752.0,1024,27392,10605.7,store_kvcache_kernel
0.1,22739999,1696,13408.0,20736.0,1120,24352,9691.2,triton_poi_fused__to_copy_cat_1
0.1,22144184,25,885767.4,1075499.0,106753,1596951,564335.9,sm80_xmma_fprop_implicit_gemm_indexed_wo_smem_f16f16_f16f32_f32_nhwckrsc_nhwc_tilesize128x32x16_stage1_warpsize4x1x1_g1_tensor16x8x16_aligna8_alignc8_execute_kernel__5x_cudnn
0.0,19698740,25,787949.6,1049679.0,126849,1293107,465927.1,"void convolve_common_engine_float_NHWC<__half, __half, (int)128, (int)5, (int)5, (int)3, (int)3, (int)3, (bool)1, (bool)0, (bool)0, (bool)0, (bool)0>(int, int, int, const T1 *, const T1 *, int, T2 *, conv_kernel_common_params, unsigned long long, unsigned long, float, float, bool, const T2 *, const T2 *, bool, bool)"
0.0,13793731,25,551749.2,770888.0,52033,794764,339465.7,triton_red_fused_convolution_mean_relu_1
0.0,12697586,25,507903.4,696266.0,31520,835244,327694.9,triton_poi_fused_convolution_relu_0
0.0,12309335,480,25644.4,25536.0,24736,27649,523.5,_fwd_kernel_flash_decode_stage1
0.0,9608611,64,150134.5,150769.0,140994,155617,4463.0,void cutlass::Kernel2<cutlass_80_wmma_tensorop_bf16_s161616gemm_bf16_32x32_32x1_tn_align8>(T1::Params)
0.0,6897418,160,43108.9,33328.0,9376,173057,43057.5,void cutlass::Kernel2<cutlass_80_wmma_tensorop_bf16_s161616gemm_bf16_32x32_128x2_tn_align8>(T1::Params)
0.0,5298990,96,55197.8,28432.5,26624,129250,36693.5,void cutlass::Kernel2<cutlass_80_tensorop_bf16_s16816gemm_relu_bf16_256x64_32x4_tn_align8>(T1::Params)
0.0,4329689,53,81692.2,81217.0,80672,86049,1372.9,triton_red_fused__softmax__to_copy_argmax_clamp_min_div_exponential_le_where_4
0.0,3489508,5,697901.6,698535.0,694920,699623,1882.4,"std::enable_if<!T7, void>::type internal::gemvx::kernel<int, int, __nv_bfloat16, __nv_bfloat16, __nv_bfloat16, float, (bool)0, (bool)1, (bool)1, (bool)0, (int)6, (bool)0, cublasGemvParamsEx<int, cublasGemvTensorStridedBatched<const __nv_bfloat16>, cublasGemvTensorStridedBatched<const __nv_bfloat16>, cublasGemvTensorStridedBatched<__nv_bfloat16>, float>>(T13)"
0.0,2353462,1232,1910.3,1888.0,1504,6432,257.6,"void at::native::reduce_kernel<(int)512, (int)1, at::native::ReduceOp<int, at::native::func_wrapper_t<int, at::native::MaxNanFunctor<int>>, unsigned int, int, (int)4, (int)4>>(T3)"
0.0,2259298,1600,1412.1,1248.0,1216,10688,577.6,"void cublasLt::splitKreduce_kernel<(int)32, (int)16, int, __nv_bfloat16, __nv_bfloat16, float, __nv_bfloat16, (bool)0, __nv_bfloat16, __nv_bfloat16, __nv_bfloat16, (bool)1, (bool)0, (bool)0>(cublasLt::cublasSplitKParams<T6>, const T4 *, const T10 *, T9 *, T5 *, const T6 *, const T6 *, const T11 *, const T4 *, T11 *, void *, long, T6 *, int *, T6 *, T6 *, const T6 *, const T6 *, const T6 *, const T6 *, const T6 *)"
0.0,1650228,1216,1357.1,1344.0,1248,2112,74.3,"void at::native::vectorized_elementwise_kernel<(int)4, at::native::CUDAFunctor_add<int>, std::array<char *, (unsigned long)3>>(int, T2, T3)"
0.0,1547099,1216,1272.3,1216.0,960,10432,423.4,"void at::native::unrolled_elementwise_kernel<at::native::CUDAFunctor_add<int>, std::array<char *, (unsigned long)3>, (int)4, TrivialOffsetCalculator<(int)2, unsigned int>, TrivialOffsetCalculator<(int)1, unsigned int>, at::native::memory::LoadWithoutCast, at::native::memory::StoreWithoutCast>(int, T1, T2, T4, T5, T6, T7)"
0.0,910159,480,1896.2,1888.0,1856,1984,18.0,_fwd_kernel_flash_decode_stage2
0.0,873807,30,29126.9,46192.5,1088,68865,26303.1,"void at::native::vectorized_elementwise_kernel<(int)4, at::native::bfloat16_copy_kernel_cuda(at::TensorIteratorBase &)::[lambda(float) (instance 1)], std::array<char *, (unsigned long)2>>(int, T2, T3)"
0.0,812105,25,32484.2,33472.0,3008,84705,22865.8,"void at::native::elementwise_kernel<(int)128, (int)4, void at::native::gpu_kernel_impl<at::native::direct_copy_kernel_cuda(at::TensorIteratorBase &)::[lambda() (instance 3)]::operator ()() const::[lambda() (instance 10)]::operator ()() const::[lambda(c10::Half) (instance 1)]>(at::TensorIteratorBase &, const T1 &)::[lambda(int) (instance 1)]>(int, T3)"
0.0,675431,24,28143.0,35552.5,12064,39328,11555.4,"void at::native::sbtopk::gatherTopK<float, unsigned int, (int)1, (bool)0>(at::cuda::detail::TensorInfo<const T1, T2>, T2, T2, bool, T2, T2, at::cuda::detail::TensorInfo<T1, T2>, T2, at::cuda::detail::TensorInfo<long, T2>, T2, T1 *)"
0.0,671946,71,9464.0,5280.0,1312,20864,8380.5,"void at::native::vectorized_gather_kernel<(int)16, long>(char *, char *, T2 *, int, long, long, long, long, bool)"
0.0,543147,64,8486.7,8352.0,7872,10048,436.3,void cutlass::Kernel2<cutlass_80_tensorop_s16816gemm_bf16_64x64_32x6_tn_align8>(T1::Params)
0.0,477993,25,19119.7,22689.0,2048,48065,13579.3,triton_poi_fused_convolution_2
0.0,416871,24,17369.6,16576.0,15328,25856,2525.6,"void at::native::radixSortKVInPlace<(int)-2, (int)-1, (int)32, (int)32, float, long, unsigned int>(at::cuda::detail::TensorInfo<T5, T7>, T7, T7, T7, at::cuda::detail::TensorInfo<T6, T7>, T7, bool)"
0.0,350659,16,21916.2,20960.0,2592,43265,19861.6,"void at::native::vectorized_elementwise_kernel<(int)4, at::native::FillFunctor<float>, std::array<char *, (unsigned long)1>>(int, T2, T3)"
0.0,217153,24,9048.0,9024.5,7904,10880,757.2,"void at::native::reduce_kernel<(int)128, (int)4, at::native::ReduceOp<float, at::native::MaxOps<float>, unsigned int, float, (int)4, (int)4>>(T3)"
0.0,192290,241,797.9,800.0,768,833,18.4,"void <unnamed>::elementwise_kernel_with_index<int, at::native::arange_cuda_out(const c10::Scalar &, const c10::Scalar &, const c10::Scalar &, at::Tensor &)::[lambda() (instance 1)]::operator ()() const::[lambda() (instance 3)]::operator ()() const::[lambda(long) (instance 1)]>(T1, T2, function_traits<T2>::result_type *)"
0.0,170817,17,10048.1,8000.0,6016,18048,4299.8,"std::enable_if<T7, void>::type internal::gemvx::kernel<int, int, __half, __half, __half, float, (bool)1, (bool)1, (bool)0, (bool)0, (int)8, (bool)0, cublasGemvParamsEx<int, cublasGemvTensorStridedBatched<const __half>, cublasGemvTensorStridedBatched<const __half>, cublasGemvTensorStridedBatched<__half>, float>>(T13)"
0.0,147265,143,1029.8,864.0,800,1888,352.8,"void at::native::vectorized_elementwise_kernel<(int)4, at::native::FillFunctor<int>, std::array<char *, (unsigned long)1>>(int, T2, T3)"
0.0,116512,48,2427.3,2432.0,2080,2944,236.2,"void at_cuda_detail::cub::DeviceSelectSweepKernel<at_cuda_detail::cub::detail::device_select_policy_hub<long, bool, int, (bool)0, (bool)0>::Policy900, at_cuda_detail::cub::CountingInputIterator<long, long>, at_cuda_detail::cub::TransformInputIterator<bool, at::native::<unnamed>::NonZeroOp<bool>, const bool *, long>, long *, int *, at_cuda_detail::cub::ScanTileState<int, (bool)1>, at_cuda_detail::cub::NullType, at_cuda_detail::cub::NullType, int, (bool)0, (bool)0>(T2, T3, T4, T5, T6, T7, T8, T9, int, at_cuda_detail::cub::detail::vsmem_t)"
0.0,114081,64,1782.5,1792.0,1696,1856,42.6,"void cublasLt::splitKreduce_kernel<(int)32, (int)16, int, float, __nv_bfloat16, float, __nv_bfloat16, (bool)0, __nv_bfloat16, __nv_bfloat16, __nv_bfloat16, (bool)1, (bool)0, (bool)0>(cublasLt::cublasSplitKParams<T6>, const T4 *, const T10 *, T9 *, T5 *, const T6 *, const T6 *, const T11 *, const T4 *, T11 *, void *, long, T6 *, int *, T6 *, T6 *, const T6 *, const T6 *, const T6 *, const T6 *, const T6 *)"
0.0,111361,53,2101.2,2112.0,1632,2464,182.6,triton_red_fused__to_copy_0
0.0,94883,53,1790.2,1728.0,1632,2400,179.4,triton_red_fused__softmax__to_copy_2
0.0,90529,24,3772.0,3616.0,3360,4480,372.8,"void at::native::index_elementwise_kernel<(int)128, (int)4, void at::native::gpu_index_kernel<void at::native::index_kernel_impl<at::native::OpaqueType<(int)8>>(at::TensorIteratorBase &, c10::ArrayRef<long>, c10::ArrayRef<long>)::[lambda(char *, const char *, long) (instance 1)]>(at::TensorIteratorBase &, c10::ArrayRef<long>, c10::ArrayRef<long>, const T1 &, bool)::[lambda(int) (instance 1)]>(long, T3)"
0.0,87713,38,2308.2,2320.0,1216,3680,671.5,"void at::native::unrolled_elementwise_kernel<at::native::CUDAFunctorOnSelf_add<int>, std::array<char *, (unsigned long)2>, (int)4, TrivialOffsetCalculator<(int)1, unsigned int>, TrivialOffsetCalculator<(int)1, unsigned int>, at::native::memory::LoadWithoutCast, at::native::memory::StoreWithoutCast>(int, T1, T2, T4, T5, T6, T7)"
0.0,83361,24,3473.4,2576.0,2464,9536,2023.6,"void at::native::unrolled_elementwise_kernel<at::native::direct_copy_kernel_cuda(at::TensorIteratorBase &)::[lambda() (instance 3)]::operator ()() const::[lambda() (instance 7)]::operator ()() const::[lambda(float) (instance 1)], std::array<char *, (unsigned long)2>, (int)4, TrivialOffsetCalculator<(int)1, unsigned int>, TrivialOffsetCalculator<(int)1, unsigned int>, at::native::memory::LoadWithCast<(int)1>, at::native::memory::StoreWithCast<(int)1>>(int, T1, T2, T4, T5, T6, T7)"
0.0,77569,24,3232.0,3136.0,2944,4288,365.4,"void at::native::index_elementwise_kernel<(int)128, (int)4, void at::native::gpu_index_kernel<void at::native::index_put_kernel_impl<at::native::OpaqueType<(int)1>>(at::TensorIterator &, c10::ArrayRef<long>, c10::ArrayRef<long>)::[lambda(char *, const char *, long) (instance 1)]>(at::TensorIteratorBase &, c10::ArrayRef<long>, c10::ArrayRef<long>, const T1 &, bool)::[lambda(int) (instance 1)]>(long, T3)"
0.0,76576,53,1444.8,1440.0,1376,1536,38.9,"void at::native::<unnamed>::distribution_elementwise_grid_stride_kernel<unsigned long, (int)2, void at::native::templates::cuda::random_from_to_kernel<at::CUDAGeneratorImpl *>(at::TensorIteratorBase &, unsigned long, long, T1)::[lambda() (instance 1)]::operator ()() const::[lambda() (instance 4)]::operator ()() const::[lambda(curandStatePhilox4_32_10 *) (instance 1)], void at::native::<unnamed>::distribution_nullary_kernel<long, unsigned long, ulonglong2, at::CUDAGeneratorImpl *, void at::native::templates::cuda::random_from_to_kernel<at::CUDAGeneratorImpl *>(at::TensorIteratorBase &, unsigned long, long, T1)::[lambda() (instance 1)]::operator ()() const::[lambda() (instance 4)]::operator ()() const::[lambda(curandStatePhilox4_32_10 *) (instance 1)], void at::native::templates::cuda::random_from_to_kernel<at::CUDAGeneratorImpl *>(at::TensorIteratorBase &, unsigned long, long, T1)::[lambda() (instance 1)]::operator ()() const::[lambda() (instance 4)]::operator ()() const::[lambda(unsigned long) (instance 1)]>(at::TensorIteratorBase &, T4, const T5 &, T6)::[lambda(int, unsigned long) (instance 1)]>(long, at::PhiloxCudaState, T3, T4)"
0.0,63618,48,1325.4,1216.5,1056,6368,748.9,"void at::native::vectorized_elementwise_kernel<(int)4, void at::native::compare_scalar_kernel<long>(at::TensorIteratorBase &, at::native::<unnamed>::OpType, T1)::[lambda(long) (instance 1)], std::array<char *, (unsigned long)2>>(int, T2, T3)"
0.0,62081,65,955.1,864.0,832,1184,112.1,"void at::native::vectorized_elementwise_kernel<(int)4, at::native::FillFunctor<c10::BFloat16>, std::array<char *, (unsigned long)1>>(int, T2, T3)"
0.0,61249,24,2552.0,2592.0,1633,6208,884.5,"void at_cuda_detail::cub::DeviceReduceKernel<at_cuda_detail::cub::DeviceReducePolicy<int, unsigned long long, cuda::std::__4::plus<void>>::Policy600, at_cuda_detail::cub::TransformInputIterator<bool, at::native::<unnamed>::NonZeroOp<bool>, const bool *, long>, unsigned long long, cuda::std::__4::plus<void>, int, cuda::std::__4::__identity>(T2, T5 *, T3, at_cuda_detail::cub::GridEvenShare<T3>, T4, T6)"
0.0,58401,38,1536.9,1504.5,1440,1632,55.4,"void at::native::unrolled_elementwise_kernel<at::native::direct_copy_kernel_cuda(at::TensorIteratorBase &)::[lambda() (instance 3)]::operator ()() const::[lambda() (instance 4)]::operator ()() const::[lambda(long) (instance 1)], std::array<char *, (unsigned long)2>, (int)4, TrivialOffsetCalculator<(int)1, unsigned int>, TrivialOffsetCalculator<(int)1, unsigned int>, at::native::memory::LoadWithCast<(int)1>, at::native::memory::StoreWithCast<(int)1>>(int, T1, T2, T4, T5, T6, T7)"
0.0,50786,48,1058.0,896.0,736,9025,1175.9,"void at_cuda_detail::cub::DeviceCompactInitKernel<at_cuda_detail::cub::ScanTileState<int, (bool)1>, int *>(T1, int, T2)"
0.0,48704,24,2029.3,1888.0,1760,3776,448.2,"void at_cuda_detail::cub::DeviceReduceSingleTileKernel<at_cuda_detail::cub::DeviceReducePolicy<int, unsigned long long, cuda::std::__4::plus<void>>::Policy600, at_cuda_detail::cub::TransformInputIterator<bool, at::native::<unnamed>::NonZeroOp<bool>, const bool *, long>, int *, unsigned long long, cuda::std::__4::plus<void>, int, int, cuda::std::__4::__identity>(T2, T3, T4, T5, T6, T8)"
0.0,47264,53,891.8,896.0,832,992,38.2,triton_per_fused__to_copy_1
0.0,45474,25,1819.0,1344.0,1120,5312,1244.9,triton_poi_fused_convolution_3
0.0,41952,48,874.0,864.0,832,960,24.8,triton_per_fused__softmax__to_copy_3
0.0,37345,1,37345.0,37345.0,37345,37345,0.0,"void at::native::<unnamed>::CatArrayBatchedCopy_alignedK_contig<at::native::<unnamed>::OpaqueType<(unsigned int)4>, unsigned int, (int)2, (int)128, (int)1, (int)16>(T1 *, at::native::<unnamed>::CatArrInputTensorMetadata<T1, T2, T4, T5>, at::native::<unnamed>::TensorSizeStride<T2, (unsigned int)4>, int, T2)"
0.0,36544,24,1522.7,1472.0,1376,2080,191.5,"void at::native::elementwise_kernel<(int)128, (int)2, void at::native::gpu_kernel_impl_nocast<at::native::CUDAFunctor_add<long>>(at::TensorIteratorBase &, const T1 &)::[lambda(int) (instance 1)]>(int, T3)"
0.0,35361,25,1414.4,1248.0,1152,5440,840.8,"void at::native::vectorized_elementwise_kernel<(int)4, at::native::BinaryFunctor<bool, bool, bool, at::native::BitwiseAndFunctor<bool>>, std::array<char *, (unsigned long)3>>(int, T2, T3)"
0.0,32256,8,4032.0,3648.0,3264,6688,1156.2,"std::enable_if<!T7, void>::type internal::gemvx::kernel<int, int, __half, __half, __half, float, (bool)0, (bool)1, (bool)0, (bool)0, (int)6, (bool)0, cublasGemvParamsEx<int, cublasGemvTensorStridedBatched<const __half>, cublasGemvTensorStridedBatched<const __half>, cublasGemvTensorStridedBatched<__half>, float>>(T13)"
0.0,31840,15,2122.7,1984.0,1824,2560,225.2,"void at::native::<unnamed>::indexSelectSmallIndex<c10::BFloat16, long, unsigned int, (int)2, (int)2, (int)-2>(at::cuda::detail::TensorInfo<T1, T3>, at::cuda::detail::TensorInfo<const T1, T3>, at::cuda::detail::TensorInfo<const T2, T3>, int, int, T3, long)"
0.0,29952,24,1248.0,1248.0,1152,1312,46.2,"void at::native::vectorized_elementwise_kernel<(int)2, at::native::AUnaryFunctor<long, long, long, at::native::binary_internal::MulFunctor<long>>, std::array<char *, (unsigned long)2>>(int, T2, T3)"
0.0,29504,24,1229.3,1216.0,1120,1632,126.2,"void at::native::vectorized_elementwise_kernel<(int)2, at::native::CUDAFunctorOnSelf_add<long>, std::array<char *, (unsigned long)2>>(int, T2, T3)"
0.0,29472,24,1228.0,1184.0,1120,1696,129.3,"void at_cuda_detail::cub::DeviceReduceSingleTileKernel<at_cuda_detail::cub::DeviceReducePolicy<int, unsigned long long, cuda::std::__4::plus<void>>::Policy600, int *, int *, int, cuda::std::__4::plus<void>, int, int, cuda::std::__4::__identity>(T2, T3, T4, T5, T6, T8)"
0.0,28896,24,1204.0,1024.0,896,3872,638.5,"void at::native::vectorized_elementwise_kernel<(int)4, at::native::FillFunctor<bool>, std::array<char *, (unsigned long)1>>(int, T2, T3)"
0.0,23072,25,922.9,896.0,832,1440,118.9,"void <unnamed>::elementwise_kernel_with_index<int, at::native::arange_cuda_out(const c10::Scalar &, const c10::Scalar &, const c10::Scalar &, at::Tensor &)::[lambda() (instance 1)]::operator ()() const::[lambda() (instance 4)]::operator ()() const::[lambda(long) (instance 1)]>(T1, T2, function_traits<T2>::result_type *)"
0.0,20160,1,20160.0,20160.0,20160,20160,0.0,"void at::native::elementwise_kernel<(int)128, (int)2, void at::native::gpu_kernel_impl_nocast<at::native::BinaryFunctor<float, float, float, at::native::binary_internal::MulFunctor<float>>>(at::TensorIteratorBase &, const T1 &)::[lambda(int) (instance 1)]>(int, T3)"
0.0,17088,5,3417.6,3424.0,3328,3488,57.2,"void at::native::index_elementwise_kernel<(int)128, (int)4, void at::native::gpu_index_kernel<void at::native::index_kernel_impl<at::native::OpaqueType<(int)2>>(at::TensorIteratorBase &, c10::ArrayRef<long>, c10::ArrayRef<long>)::[lambda(char *, const char *, long) (instance 1)]>(at::TensorIteratorBase &, c10::ArrayRef<long>, c10::ArrayRef<long>, const T1 &, bool)::[lambda(int) (instance 1)]>(long, T3)"
0.0,16385,1,16385.0,16385.0,16385,16385,0.0,"void at::native::vectorized_elementwise_kernel<(int)4, at::native::sin_kernel_cuda(at::TensorIteratorBase &)::[lambda() (instance 2)]::operator ()() const::[lambda() (instance 2)]::operator ()() const::[lambda(float) (instance 1)], std::array<char *, (unsigned long)2>>(int, T2, T3)"
0.0,15104,1,15104.0,15104.0,15104,15104,0.0,"void at::native::vectorized_elementwise_kernel<(int)4, at::native::cos_kernel_cuda(at::TensorIteratorBase &)::[lambda() (instance 2)]::operator ()() const::[lambda() (instance 2)]::operator ()() const::[lambda(float) (instance 1)], std::array<char *, (unsigned long)2>>(int, T2, T3)"
0.0,10624,1,10624.0,10624.0,10624,10624,0.0,"void at::native::vectorized_elementwise_kernel<(int)4, at::native::FillFunctor<c10::Half>, std::array<char *, (unsigned long)1>>(int, T2, T3)"
0.0,7809,6,1301.5,1280.5,1248,1440,72.0,"void at::native::<unnamed>::distribution_elementwise_grid_stride_kernel<float, (int)4, void at::native::templates::cuda::uniform_and_transform<c10::BFloat16, float, at::CUDAGeneratorImpl *, void at::native::templates::cuda::uniform_kernel<at::CUDAGeneratorImpl *>(at::TensorIteratorBase &, double, double, T1)::[lambda() (instance 1)]::operator ()() const::[lambda() (instance 4)]::operator ()() const::[lambda(float) (instance 1)]>(at::TensorIteratorBase &, T3, T4)::[lambda(curandStatePhilox4_32_10 *) (instance 2)], void at::native::<unnamed>::distribution_nullary_kernel<c10::BFloat16, float, float4, at::CUDAGeneratorImpl *, void at::native::templates::cuda::uniform_and_transform<c10::BFloat16, float, at::CUDAGeneratorImpl *, void at::native::templates::cuda::uniform_kernel<at::CUDAGeneratorImpl *>(at::TensorIteratorBase &, double, double, T1)::[lambda() (instance 1)]::operator ()() const::[lambda() (instance 4)]::operator ()() const::[lambda(float) (instance 1)]>(at::TensorIteratorBase &, T3, T4)::[lambda(curandStatePhilox4_32_10 *) (instance 2)], void at::native::templates::cuda::uniform_kernel<at::CUDAGeneratorImpl *>(at::TensorIteratorBase &, double, double, T1)::[lambda() (instance 1)]::operator ()() const::[lambda() (instance 4)]::operator ()() const::[lambda(float) (instance 1)]>(at::TensorIteratorBase &, T4, const T5 &, T6)::[lambda(int, float) (instance 1)]>(long, at::PhiloxCudaState, T3, T4)"
0.0,7104,5,1420.8,1376.0,1216,1728,203.1,"void at::native::unrolled_elementwise_kernel<at::native::direct_copy_kernel_cuda(at::TensorIteratorBase &)::[lambda() (instance 3)]::operator ()() const::[lambda() (instance 10)]::operator ()() const::[lambda(c10::Half) (instance 1)], std::array<char *, (unsigned long)2>, (int)4, TrivialOffsetCalculator<(int)1, unsigned int>, TrivialOffsetCalculator<(int)1, unsigned int>, at::native::memory::LoadWithCast<(int)1>, at::native::memory::StoreWithCast<(int)1>>(int, T1, T2, T4, T5, T6, T7)"
0.0,4768,5,953.6,960.0,928,992,26.8,triton_per_fused__softmax_3
0.0,4448,4,1112.0,1088.0,1056,1216,71.0,"void at::native::vectorized_elementwise_kernel<(int)4, at::native::BUnaryFunctor<float, float, float, at::native::binary_internal::MulFunctor<float>>, std::array<char *, (unsigned long)2>>(int, T2, T3)"
0.0,3392,3,1130.7,1120.0,1120,1152,18.5,"void at::native::vectorized_elementwise_kernel<(int)4, at::native::reciprocal_kernel_cuda(at::TensorIteratorBase &)::[lambda() (instance 1)]::operator ()() const::[lambda() (instance 2)]::operator ()() const::[lambda(float) (instance 1)], std::array<char *, (unsigned long)2>>(int, T2, T3)"
0.0,3264,3,1088.0,1088.0,1056,1120,32.0,"void at::native::vectorized_elementwise_kernel<(int)4, void at::native::compare_scalar_kernel<float>(at::TensorIteratorBase &, at::native::<unnamed>::OpType, T1)::[lambda(float) (instance 1)], std::array<char *, (unsigned long)2>>(int, T2, T3)"
0.0,3200,3,1066.7,1056.0,1056,1088,18.5,"void at::native::vectorized_elementwise_kernel<(int)4, at::native::AUnaryFunctor<float, float, float, at::native::binary_internal::MulFunctor<float>>, std::array<char *, (unsigned long)2>>(int, T2, T3)"
0.0,2784,2,1392.0,1392.0,928,1856,656.2,"void <unnamed>::elementwise_kernel_with_index<int, at::native::arange_cuda_out(const c10::Scalar &, const c10::Scalar &, const c10::Scalar &, at::Tensor &)::[lambda() (instance 1)]::operator ()() const::[lambda() (instance 7)]::operator ()() const::[lambda(long) (instance 1)]>(T1, T2, function_traits<T2>::result_type *)"
0.0,2752,2,1376.0,1376.0,1344,1408,45.3,"void at::native::vectorized_elementwise_kernel<(int)4, at::native::<unnamed>::where_kernel_impl(at::TensorIterator &)::[lambda() (instance 1)]::operator ()() const::[lambda() (instance 11)]::operator ()() const::[lambda(bool, float, float) (instance 1)], std::array<char *, (unsigned long)4>>(int, T2, T3)"
0.0,2304,1,2304.0,2304.0,2304,2304,0.0,"void at::native::elementwise_kernel<(int)128, (int)4, void at::native::gpu_kernel_impl<at::native::<unnamed>::pow_tensor_tensor_kernel(at::TensorIteratorBase &)::[lambda() (instance 1)]::operator ()() const::[lambda() (instance 7)]::operator ()() const::[lambda(float, float) (instance 1)]>(at::TensorIteratorBase &, const T1 &)::[lambda(int) (instance 1)]>(int, T3)"
0.0,2208,2,1104.0,1104.0,1088,1120,22.6,"void at::native::vectorized_elementwise_kernel<(int)4, at::native::BinaryFunctor<float, float, float, at::native::binary_internal::MulFunctor<float>>, std::array<char *, (unsigned long)3>>(int, T2, T3)"
0.0,1120,1,1120.0,1120.0,1120,1120,0.0,"void at::native::vectorized_elementwise_kernel<(int)4, at::native::CUDAFunctor_add<float>, std::array<char *, (unsigned long)3>>(int, T2, T3)"
0.0,1088,1,1088.0,1088.0,1088,1088,0.0,"void at::native::vectorized_elementwise_kernel<(int)4, at::native::CUDAFunctorOnOther_add<float>, std::array<char *, (unsigned long)2>>(int, T2, T3)"
0.0,1056,1,1056.0,1056.0,1056,1056,0.0,"void at::native::vectorized_elementwise_kernel<(int)4, at::native::CUDAFunctorOnSelf_add<float>, std::array<char *, (unsigned long)2>>(int, T2, T3)"
0.0,928,1,928.0,928.0,928,928,0.0,"void at::native::vectorized_elementwise_kernel<(int)2, at::native::FillFunctor<double>, std::array<char *, (unsigned long)1>>(int, T2, T3)"
